item,itemLabel,ISO639_1,ISO639_2,ISO639_3,country,countryLabel
http://www.wikidata.org/entity/Q617291,Shuar,,,jiv,http://www.wikidata.org/entity/Q736,Ecuador
http://www.wikidata.org/entity/Q3322064,Venezuelan Sign Language,,,vsl,http://www.wikidata.org/entity/Q717,Venezuela
http://www.wikidata.org/entity/Q4252500,Grenadian Creole English,,,gcl,http://www.wikidata.org/entity/Q769,Grenada
http://www.wikidata.org/entity/Q25044405,Papua New Guinean Sign Language,,,pgz,http://www.wikidata.org/entity/Q691,Papua New Guinea
http://www.wikidata.org/entity/Q1321,Spanish,es,spa,spa,http://www.wikidata.org/entity/Q298,Chile
http://www.wikidata.org/entity/Q1321,Spanish,es,spa,spa,http://www.wikidata.org/entity/Q414,Argentina
http://www.wikidata.org/entity/Q1321,Spanish,es,spa,spa,http://www.wikidata.org/entity/Q419,Peru
http://www.wikidata.org/entity/Q1321,Spanish,es,spa,spa,http://www.wikidata.org/entity/Q717,Venezuela
http://www.wikidata.org/entity/Q1321,Spanish,es,spa,spa,http://www.wikidata.org/entity/Q733,Paraguay
http://www.wikidata.org/entity/Q1321,Spanish,es,spa,spa,http://www.wikidata.org/entity/Q736,Ecuador
http://www.wikidata.org/entity/Q1321,Spanish,es,spa,spa,http://www.wikidata.org/entity/Q739,Colombia
http://www.wikidata.org/entity/Q1321,Spanish,es,spa,spa,http://www.wikidata.org/entity/Q750,Bolivia
http://www.wikidata.org/entity/Q1321,Spanish,es,spa,spa,http://www.wikidata.org/entity/Q774,Guatemala
http://www.wikidata.org/entity/Q1321,Spanish,es,spa,spa,http://www.wikidata.org/entity/Q783,Honduras
http://www.wikidata.org/entity/Q1321,Spanish,es,spa,spa,http://www.wikidata.org/entity/Q786,Dominican Republic
http://www.wikidata.org/entity/Q1321,Spanish,es,spa,spa,http://www.wikidata.org/entity/Q792,El Salvador
http://www.wikidata.org/entity/Q1568,Hindi,hi,hin,hin,http://www.wikidata.org/entity/Q668,India
http://www.wikidata.org/entity/Q1860,English,en,eng,eng,http://www.wikidata.org/entity/Q258,South Africa
http://www.wikidata.org/entity/Q1860,English,en,eng,eng,http://www.wikidata.org/entity/Q334,Singapore
http://www.wikidata.org/entity/Q1860,English,en,eng,eng,http://www.wikidata.org/entity/Q408,Australia
http://www.wikidata.org/entity/Q1860,English,en,eng,eng,http://www.wikidata.org/entity/Q664,New Zealand
http://www.wikidata.org/entity/Q1860,English,en,eng,eng,http://www.wikidata.org/entity/Q668,India
http://www.wikidata.org/entity/Q1860,English,en,eng,eng,http://www.wikidata.org/entity/Q672,Tuvalu
http://www.wikidata.org/entity/Q1860,English,en,eng,eng,http://www.wikidata.org/entity/Q678,Tonga
http://www.wikidata.org/entity/Q1860,English,en,eng,eng,http://www.wikidata.org/entity/Q683,Samoa
http://www.wikidata.org/entity/Q1860,English,en,eng,eng,http://www.wikidata.org/entity/Q685,Solomon Islands
http://www.wikidata.org/entity/Q1860,English,en,eng,eng,http://www.wikidata.org/entity/Q686,Vanuatu
http://www.wikidata.org/entity/Q1860,English,en,eng,eng,http://www.wikidata.org/entity/Q691,Papua New Guinea
http://www.wikidata.org/entity/Q1860,English,en,eng,eng,http://www.wikidata.org/entity/Q695,Palau
http://www.wikidata.org/entity/Q1860,English,en,eng,eng,http://www.wikidata.org/entity/Q697,Nauru
http://www.wikidata.org/entity/Q1860,English,en,eng,eng,http://www.wikidata.org/entity/Q702,Federated States of Micronesia
http://www.wikidata.org/entity/Q1860,English,en,eng,eng,http://www.wikidata.org/entity/Q709,Marshall Islands
http://www.wikidata.org/entity/Q1860,English,en,eng,eng,http://www.wikidata.org/entity/Q710,Kiribati
http://www.wikidata.org/entity/Q1860,English,en,eng,eng,http://www.wikidata.org/entity/Q712,Fiji
http://www.wikidata.org/entity/Q1860,English,en,eng,eng,http://www.wikidata.org/entity/Q734,Guyana
http://www.wikidata.org/entity/Q1860,English,en,eng,eng,http://www.wikidata.org/entity/Q754,Trinidad and Tobago
http://www.wikidata.org/entity/Q1860,English,en,eng,eng,http://www.wikidata.org/entity/Q757,Saint Vincent and the Grenadines
http://www.wikidata.org/entity/Q1860,English,en,eng,eng,http://www.wikidata.org/entity/Q760,Saint Lucia
http://www.wikidata.org/entity/Q1860,English,en,eng,eng,http://www.wikidata.org/entity/Q763,Saint Kitts and Nevis
http://www.wikidata.org/entity/Q1860,English,en,eng,eng,http://www.wikidata.org/entity/Q766,Jamaica
http://www.wikidata.org/entity/Q1860,English,en,eng,eng,http://www.wikidata.org/entity/Q769,Grenada
http://www.wikidata.org/entity/Q1860,English,en,eng,eng,http://www.wikidata.org/entity/Q778,The Bahamas
http://www.wikidata.org/entity/Q1860,English,en,eng,eng,http://www.wikidata.org/entity/Q781,Antigua and Barbuda
http://www.wikidata.org/entity/Q1860,English,en,eng,eng,http://www.wikidata.org/entity/Q784,Dominica
http://www.wikidata.org/entity/Q4627,Aymara,ay,aym,aym,http://www.wikidata.org/entity/Q419,Peru
http://www.wikidata.org/entity/Q4627,Aymara,ay,aym,aym,http://www.wikidata.org/entity/Q750,Bolivia
http://www.wikidata.org/entity/Q5146,Portuguese,pt,por,por,http://www.wikidata.org/entity/Q574,East Timor
http://www.wikidata.org/entity/Q5218,Quechua,qu,que,que,http://www.wikidata.org/entity/Q419,Peru
http://www.wikidata.org/entity/Q5218,Quechua,qu,que,que,http://www.wikidata.org/entity/Q750,Bolivia
http://www.wikidata.org/entity/Q5287,Japanese,ja,jpn,jpn,http://www.wikidata.org/entity/Q695,Palau
http://www.wikidata.org/entity/Q5885,Tamil,ta,tam,tam,http://www.wikidata.org/entity/Q334,Singapore
http://www.wikidata.org/entity/Q7411,Dutch,nl,dut,nld,http://www.wikidata.org/entity/Q730,Suriname
http://www.wikidata.org/entity/Q8785,Armenian,hy,arm,hye,http://www.wikidata.org/entity/Q399,Armenia
http://www.wikidata.org/entity/Q9168,Persian,fa,fas,fas,http://www.wikidata.org/entity/Q794,Iran
http://www.wikidata.org/entity/Q9176,Korean,ko,kor,kor,http://www.wikidata.org/entity/Q423,North Korea
http://www.wikidata.org/entity/Q9205,Khmer,km,khm,khm,http://www.wikidata.org/entity/Q424,Cambodia
http://www.wikidata.org/entity/Q9237,Malay,ms,msa,msa,http://www.wikidata.org/entity/Q334,Singapore
http://www.wikidata.org/entity/Q9246,Mongolian,mn,mon,mon,http://www.wikidata.org/entity/Q711,Mongolia
http://www.wikidata.org/entity/Q9264,Uzbek,uz,uzb,uzb,http://www.wikidata.org/entity/Q265,Uzbekistan
http://www.wikidata.org/entity/Q9299,Serbian,sr,srp,srp,http://www.wikidata.org/entity/Q403,Serbia
http://www.wikidata.org/entity/Q10179,Zulu,zu,zul,zul,http://www.wikidata.org/entity/Q258,South Africa
http://www.wikidata.org/entity/Q13218,Xhosa,xh,xho,xho,http://www.wikidata.org/entity/Q258,South Africa
http://www.wikidata.org/entity/Q13307,Nauruan,na,nau,nau,http://www.wikidata.org/entity/Q697,Nauru
http://www.wikidata.org/entity/Q13955,Arabic,ar,ara,ara,http://www.wikidata.org/entity/Q262,Algeria
http://www.wikidata.org/entity/Q13955,Arabic,ar,ara,ara,http://www.wikidata.org/entity/Q398,Bahrain
http://www.wikidata.org/entity/Q13955,Arabic,ar,ara,ara,http://www.wikidata.org/entity/Q657,Chad
http://www.wikidata.org/entity/Q14196,Afrikaans,af,afr,afr,http://www.wikidata.org/entity/Q258,South Africa
http://www.wikidata.org/entity/Q30898,Gilbertese,,gil,gil,http://www.wikidata.org/entity/Q710,Kiribati
http://www.wikidata.org/entity/Q32704,Venda,ve,ven,ven,http://www.wikidata.org/entity/Q258,South Africa
http://www.wikidata.org/entity/Q150,French,fr,fre,fra,http://www.wikidata.org/entity/Q657,Chad
http://www.wikidata.org/entity/Q150,French,fr,fre,fra,http://www.wikidata.org/entity/Q686,Vanuatu
http://www.wikidata.org/entity/Q150,French,fr,fre,fra,http://www.wikidata.org/entity/Q790,Haiti
http://www.wikidata.org/entity/Q188,German,de,deu,deu,http://www.wikidata.org/entity/Q347,Liechtenstein
http://www.wikidata.org/entity/Q33295,Fijian,fj,fij,fij,http://www.wikidata.org/entity/Q712,Fiji
http://www.wikidata.org/entity/Q33491,Haitian Creole,ht,hat,hat,http://www.wikidata.org/entity/Q790,Haiti
http://www.wikidata.org/entity/Q33617,Hiri Motu,ho,hmo,hmo,http://www.wikidata.org/entity/Q691,Papua New Guinea
http://www.wikidata.org/entity/Q33776,Palauan,,pau,pau,http://www.wikidata.org/entity/Q695,Palau
http://www.wikidata.org/entity/Q33890,Northern Sotho,,nso,nso,http://www.wikidata.org/entity/Q258,South Africa
http://www.wikidata.org/entity/Q34011,Samoan,sm,smo,smo,http://www.wikidata.org/entity/Q683,Samoa
http://www.wikidata.org/entity/Q34014,Swazi,ss,ssw,ssw,http://www.wikidata.org/entity/Q258,South Africa
http://www.wikidata.org/entity/Q34055,Tuvaluan,,tvl,tvl,http://www.wikidata.org/entity/Q672,Tuvalu
http://www.wikidata.org/entity/Q34094,Tongan,to,ton,ton,http://www.wikidata.org/entity/Q678,Tonga
http://www.wikidata.org/entity/Q34125,Tetum,,tet,tet,http://www.wikidata.org/entity/Q574,East Timor
http://www.wikidata.org/entity/Q34137,Tswana,tn,tsn,tsn,http://www.wikidata.org/entity/Q258,South Africa
http://www.wikidata.org/entity/Q34159,Tok Pisin,,tpi,tpi,http://www.wikidata.org/entity/Q691,Papua New Guinea
http://www.wikidata.org/entity/Q34327,Tsonga,ts,tso,tso,http://www.wikidata.org/entity/Q258,South Africa
http://www.wikidata.org/entity/Q34340,Sesotho,st,sot,sot,http://www.wikidata.org/entity/Q258,South Africa
http://www.wikidata.org/entity/Q35452,Bislama,bi,bis,bis,http://www.wikidata.org/entity/Q686,Vanuatu
http://www.wikidata.org/entity/Q35876,Guarani,gn,grn,grn,http://www.wikidata.org/entity/Q733,Paraguay
http://www.wikidata.org/entity/Q35876,Guarani,gn,grn,grn,http://www.wikidata.org/entity/Q750,Bolivia
http://www.wikidata.org/entity/Q36239,New Zealand Sign Language,,,nzs,http://www.wikidata.org/entity/Q664,New Zealand
http://www.wikidata.org/entity/Q36280,Marshallese,mh,mah,mah,http://www.wikidata.org/entity/Q709,Marshall Islands
http://www.wikidata.org/entity/Q36451,Māori,mi,mao,mri,http://www.wikidata.org/entity/Q664,New Zealand
http://www.wikidata.org/entity/Q36785,Southern Ndebele,nr,nbl,nbl,http://www.wikidata.org/entity/Q258,South Africa
http://www.wikidata.org/entity/Q46728,Fiji Hindi,,,hif,http://www.wikidata.org/entity/Q712,Fiji
http://www.wikidata.org/entity/Q7598268,Standard Moroccan Berber,,zgh,zgh,http://www.wikidata.org/entity/Q1028,Morocco
http://www.wikidata.org/entity/Q1321,Spanish,es,spa,spa,http://www.wikidata.org/entity/Q983,Equatorial Guinea
http://www.wikidata.org/entity/Q1860,English,en,eng,eng,http://www.wikidata.org/entity/Q986,Eritrea
http://www.wikidata.org/entity/Q1860,English,en,eng,eng,http://www.wikidata.org/entity/Q1005,The Gambia
http://www.wikidata.org/entity/Q1860,English,en,eng,eng,http://www.wikidata.org/entity/Q1009,Cameroon
http://www.wikidata.org/entity/Q1860,English,en,eng,eng,http://www.wikidata.org/entity/Q1013,Lesotho
http://www.wikidata.org/entity/Q1860,English,en,eng,eng,http://www.wikidata.org/entity/Q1014,Liberia
http://www.wikidata.org/entity/Q1860,English,en,eng,eng,http://www.wikidata.org/entity/Q1020,Malawi
http://www.wikidata.org/entity/Q1860,English,en,eng,eng,http://www.wikidata.org/entity/Q1027,Mauritius
http://www.wikidata.org/entity/Q1860,English,en,eng,eng,http://www.wikidata.org/entity/Q1030,Namibia
http://www.wikidata.org/entity/Q1860,English,en,eng,eng,http://www.wikidata.org/entity/Q1033,Nigeria
http://www.wikidata.org/entity/Q1860,English,en,eng,eng,http://www.wikidata.org/entity/Q1036,Uganda
http://www.wikidata.org/entity/Q1860,English,en,eng,eng,http://www.wikidata.org/entity/Q1037,Rwanda
http://www.wikidata.org/entity/Q1860,English,en,eng,eng,http://www.wikidata.org/entity/Q1042,Seychelles
http://www.wikidata.org/entity/Q1860,English,en,eng,eng,http://www.wikidata.org/entity/Q1044,Sierra Leone
http://www.wikidata.org/entity/Q1860,English,en,eng,eng,http://www.wikidata.org/entity/Q1049,Sudan
http://www.wikidata.org/entity/Q1860,English,en,eng,eng,http://www.wikidata.org/entity/Q1050,Eswatini
http://www.wikidata.org/entity/Q5146,Portuguese,pt,por,por,http://www.wikidata.org/entity/Q983,Equatorial Guinea
http://www.wikidata.org/entity/Q5146,Portuguese,pt,por,por,http://www.wikidata.org/entity/Q1007,Guinea-Bissau
http://www.wikidata.org/entity/Q5146,Portuguese,pt,por,por,http://www.wikidata.org/entity/Q1011,Cape Verde
http://www.wikidata.org/entity/Q5146,Portuguese,pt,por,por,http://www.wikidata.org/entity/Q1029,Mozambique
http://www.wikidata.org/entity/Q5146,Portuguese,pt,por,por,http://www.wikidata.org/entity/Q1039,São Tomé and Príncipe
http://www.wikidata.org/entity/Q7411,Dutch,nl,dut,nld,http://www.wikidata.org/entity/Q29999,Kingdom of the Netherlands
http://www.wikidata.org/entity/Q7838,Swahili,sw,swa,swa,http://www.wikidata.org/entity/Q1036,Uganda
http://www.wikidata.org/entity/Q7838,Swahili,sw,swa,swa,http://www.wikidata.org/entity/Q1037,Rwanda
http://www.wikidata.org/entity/Q7930,Malagasy,mg,mlg,mlg,http://www.wikidata.org/entity/Q1019,Madagascar
http://www.wikidata.org/entity/Q13275,Somali,so,som,som,http://www.wikidata.org/entity/Q1045,Somalia
http://www.wikidata.org/entity/Q13955,Arabic,ar,ara,ara,http://www.wikidata.org/entity/Q977,Djibouti
http://www.wikidata.org/entity/Q13955,Arabic,ar,ara,ara,http://www.wikidata.org/entity/Q986,Eritrea
http://www.wikidata.org/entity/Q13955,Arabic,ar,ara,ara,http://www.wikidata.org/entity/Q1016,Libya
http://www.wikidata.org/entity/Q13955,Arabic,ar,ara,ara,http://www.wikidata.org/entity/Q1025,Mauritania
http://www.wikidata.org/entity/Q13955,Arabic,ar,ara,ara,http://www.wikidata.org/entity/Q1028,Morocco
http://www.wikidata.org/entity/Q13955,Arabic,ar,ara,ara,http://www.wikidata.org/entity/Q1045,Somalia
http://www.wikidata.org/entity/Q13955,Arabic,ar,ara,ara,http://www.wikidata.org/entity/Q1049,Sudan
http://www.wikidata.org/entity/Q150,French,fr,fre,fra,http://www.wikidata.org/entity/Q971,Republic of the Congo
http://www.wikidata.org/entity/Q150,French,fr,fre,fra,http://www.wikidata.org/entity/Q974,Democratic Republic of the Congo
http://www.wikidata.org/entity/Q150,French,fr,fre,fra,http://www.wikidata.org/entity/Q977,Djibouti
http://www.wikidata.org/entity/Q150,French,fr,fre,fra,http://www.wikidata.org/entity/Q983,Equatorial Guinea
http://www.wikidata.org/entity/Q150,French,fr,fre,fra,http://www.wikidata.org/entity/Q1000,Gabon
http://www.wikidata.org/entity/Q150,French,fr,fre,fra,http://www.wikidata.org/entity/Q1006,Guinea
http://www.wikidata.org/entity/Q150,French,fr,fre,fra,http://www.wikidata.org/entity/Q1008,Ivory Coast
http://www.wikidata.org/entity/Q150,French,fr,fre,fra,http://www.wikidata.org/entity/Q1009,Cameroon
http://www.wikidata.org/entity/Q150,French,fr,fre,fra,http://www.wikidata.org/entity/Q1019,Madagascar
http://www.wikidata.org/entity/Q150,French,fr,fre,fra,http://www.wikidata.org/entity/Q1027,Mauritius
http://www.wikidata.org/entity/Q150,French,fr,fre,fra,http://www.wikidata.org/entity/Q1032,Niger
http://www.wikidata.org/entity/Q150,French,fr,fre,fra,http://www.wikidata.org/entity/Q1037,Rwanda
http://www.wikidata.org/entity/Q150,French,fr,fre,fra,http://www.wikidata.org/entity/Q1041,Senegal
http://www.wikidata.org/entity/Q150,French,fr,fre,fra,http://www.wikidata.org/entity/Q1042,Seychelles
http://www.wikidata.org/entity/Q33273,Chewa,ny,nya,nya,http://www.wikidata.org/entity/Q1020,Malawi
http://www.wikidata.org/entity/Q33573,Kinyarwanda,rw,kin,kin,http://www.wikidata.org/entity/Q1037,Rwanda
http://www.wikidata.org/entity/Q34014,Swazi,ss,ssw,ssw,http://www.wikidata.org/entity/Q1050,Eswatini
http://www.wikidata.org/entity/Q34015,Seychellois Creole,,,crs,http://www.wikidata.org/entity/Q1042,Seychelles
http://www.wikidata.org/entity/Q34124,Tigrinya,ti,tir,tir,http://www.wikidata.org/entity/Q986,Eritrea
http://www.wikidata.org/entity/Q34257,Wolof,wo,wol,wol,http://www.wikidata.org/entity/Q1041,Senegal
http://www.wikidata.org/entity/Q34340,Sesotho,st,sot,sot,http://www.wikidata.org/entity/Q1013,Lesotho
http://www.wikidata.org/entity/Q35095,Badyara,,,pbp,http://www.wikidata.org/entity/Q1041,Senegal
http://www.wikidata.org/entity/Q35744,Krio,,,kri,http://www.wikidata.org/entity/Q1044,Sierra Leone
http://www.wikidata.org/entity/Q35963,Cape Verdean Creole,,,kea,http://www.wikidata.org/entity/Q1011,Cape Verde
http://www.wikidata.org/entity/Q2524014,Bajan Creole,,,bjs,http://www.wikidata.org/entity/Q244,Barbados
http://www.wikidata.org/entity/Q256,Turkish,tr,tur,tur,http://www.wikidata.org/entity/Q43,Turkey
http://www.wikidata.org/entity/Q256,Turkish,tr,tur,tur,http://www.wikidata.org/entity/Q229,Cyprus
http://www.wikidata.org/entity/Q294,Icelandic,is,isl,isl,http://www.wikidata.org/entity/Q189,Iceland
http://www.wikidata.org/entity/Q652,Italian,it,ita,ita,http://www.wikidata.org/entity/Q38,Italy
http://www.wikidata.org/entity/Q652,Italian,it,ita,ita,http://www.wikidata.org/entity/Q39,Switzerland
http://www.wikidata.org/entity/Q652,Italian,it,ita,ita,http://www.wikidata.org/entity/Q238,San Marino
http://www.wikidata.org/entity/Q809,Polish,pl,pol,pol,http://www.wikidata.org/entity/Q36,Poland
http://www.wikidata.org/entity/Q1321,Spanish,es,spa,spa,http://www.wikidata.org/entity/Q29,Spain
http://www.wikidata.org/entity/Q1321,Spanish,es,spa,spa,http://www.wikidata.org/entity/Q77,Uruguay
http://www.wikidata.org/entity/Q1321,Spanish,es,spa,spa,http://www.wikidata.org/entity/Q96,Mexico
http://www.wikidata.org/entity/Q1321,Spanish,es,spa,spa,http://www.wikidata.org/entity/Q241,Cuba
http://www.wikidata.org/entity/Q1412,Finnish,fi,fin,fin,http://www.wikidata.org/entity/Q33,Finland
http://www.wikidata.org/entity/Q1860,English,en,eng,eng,http://www.wikidata.org/entity/Q16,Canada
http://www.wikidata.org/entity/Q1860,English,en,eng,eng,http://www.wikidata.org/entity/Q27,Republic of Ireland
http://www.wikidata.org/entity/Q1860,English,en,eng,eng,http://www.wikidata.org/entity/Q30,United States of America
http://www.wikidata.org/entity/Q1860,English,en,eng,eng,http://www.wikidata.org/entity/Q114,Kenya
http://www.wikidata.org/entity/Q1860,English,en,eng,eng,http://www.wikidata.org/entity/Q117,Ghana
http://www.wikidata.org/entity/Q1860,English,en,eng,eng,http://www.wikidata.org/entity/Q145,United Kingdom
http://www.wikidata.org/entity/Q1860,English,en,eng,eng,http://www.wikidata.org/entity/Q233,Malta
http://www.wikidata.org/entity/Q1860,English,en,eng,eng,http://www.wikidata.org/entity/Q242,Belize
http://www.wikidata.org/entity/Q1860,English,en,eng,eng,http://www.wikidata.org/entity/Q244,Barbados
http://www.wikidata.org/entity/Q1860,English,en,eng,eng,http://www.wikidata.org/entity/Q967,Burundi
http://www.wikidata.org/entity/Q5111,Abkhaz,ab,abk,abk,http://www.wikidata.org/entity/Q230,Georgia
http://www.wikidata.org/entity/Q5146,Portuguese,pt,por,por,http://www.wikidata.org/entity/Q45,Portugal
http://www.wikidata.org/entity/Q5146,Portuguese,pt,por,por,http://www.wikidata.org/entity/Q155,Brazil
http://www.wikidata.org/entity/Q5287,Japanese,ja,jpn,jpn,http://www.wikidata.org/entity/Q17,Japan
http://www.wikidata.org/entity/Q6654,Croatian,hr,hrv,hrv,http://www.wikidata.org/entity/Q224,Croatia
http://www.wikidata.org/entity/Q6654,Croatian,hr,hrv,hrv,http://www.wikidata.org/entity/Q225,Bosnia and Herzegovina
http://www.wikidata.org/entity/Q7026,Catalan,ca,cat,cat,http://www.wikidata.org/entity/Q228,Andorra
http://www.wikidata.org/entity/Q7411,Dutch,nl,dut,nld,http://www.wikidata.org/entity/Q31,Belgium
http://www.wikidata.org/entity/Q7737,Russian,ru,rus,rus,http://www.wikidata.org/entity/Q159,Russia
http://www.wikidata.org/entity/Q7737,Russian,ru,rus,rus,http://www.wikidata.org/entity/Q184,Belarus
http://www.wikidata.org/entity/Q7737,Russian,ru,rus,rus,http://www.wikidata.org/entity/Q232,Kazakhstan
http://www.wikidata.org/entity/Q7838,Swahili,sw,swa,swa,http://www.wikidata.org/entity/Q114,Kenya
http://www.wikidata.org/entity/Q7850,Chinese,zh,chi,zho,http://www.wikidata.org/entity/Q148,People's Republic of China
http://www.wikidata.org/entity/Q7913,Romanian,ro,ron,ron,http://www.wikidata.org/entity/Q217,Moldova
http://www.wikidata.org/entity/Q7913,Romanian,ro,ron,ron,http://www.wikidata.org/entity/Q218,Romania
http://www.wikidata.org/entity/Q7918,Bulgarian,bg,bul,bul,http://www.wikidata.org/entity/Q219,Bulgaria
http://www.wikidata.org/entity/Q8108,Georgian,ka,kat,kat,http://www.wikidata.org/entity/Q230,Georgia
http://www.wikidata.org/entity/Q8748,Albanian,sq,alb,sqi,http://www.wikidata.org/entity/Q221,North Macedonia
http://www.wikidata.org/entity/Q8748,Albanian,sq,alb,sqi,http://www.wikidata.org/entity/Q222,Albania
http://www.wikidata.org/entity/Q8798,Ukrainian,uk,ukr,ukr,http://www.wikidata.org/entity/Q212,Ukraine
http://www.wikidata.org/entity/Q8821,Montenegrin,,cnr,cnr,http://www.wikidata.org/entity/Q236,Montenegro
http://www.wikidata.org/entity/Q9027,Swedish,sv,swe,swe,http://www.wikidata.org/entity/Q33,Finland
http://www.wikidata.org/entity/Q9027,Swedish,sv,swe,swe,http://www.wikidata.org/entity/Q34,Sweden
http://www.wikidata.org/entity/Q9035,Danish,da,dan,dan,http://www.wikidata.org/entity/Q35,Denmark
http://www.wikidata.org/entity/Q9043,Norwegian,no,nor,nor,http://www.wikidata.org/entity/Q20,Norway
http://www.wikidata.org/entity/Q9051,Luxembourgish,lb,ltz,ltz,http://www.wikidata.org/entity/Q32,Luxembourg
http://www.wikidata.org/entity/Q9058,Slovak,sk,slo,slk,http://www.wikidata.org/entity/Q214,Slovakia
http://www.wikidata.org/entity/Q9056,Czech,cs,cze,ces,http://www.wikidata.org/entity/Q213,Czech Republic
http://www.wikidata.org/entity/Q9063,Slovene,sl,slv,slv,http://www.wikidata.org/entity/Q215,Slovenia
http://www.wikidata.org/entity/Q9067,Hungarian,hu,hun,hun,http://www.wikidata.org/entity/Q28,Hungary
http://www.wikidata.org/entity/Q9072,Estonian,et,est,est,http://www.wikidata.org/entity/Q191,Estonia
http://www.wikidata.org/entity/Q9078,Latvian,lv,lav,lav,http://www.wikidata.org/entity/Q211,Latvia
http://www.wikidata.org/entity/Q9083,Lithuanian,lt,lit,lit,http://www.wikidata.org/entity/Q37,Lithuania
http://www.wikidata.org/entity/Q9091,Belarusian,be,bel,bel,http://www.wikidata.org/entity/Q184,Belarus
http://www.wikidata.org/entity/Q9129,Greek,el,,ell,http://www.wikidata.org/entity/Q41,Greece
http://www.wikidata.org/entity/Q9129,Greek,el,,ell,http://www.wikidata.org/entity/Q229,Cyprus
http://www.wikidata.org/entity/Q9142,Irish,ga,gle,gle,http://www.wikidata.org/entity/Q27,Republic of Ireland
http://www.wikidata.org/entity/Q9166,Maltese,mt,mlt,mlt,http://www.wikidata.org/entity/Q233,Malta
http://www.wikidata.org/entity/Q9240,Indonesian,id,ind,ind,http://www.wikidata.org/entity/Q252,Indonesia
http://www.wikidata.org/entity/Q9252,Kazakh,kk,kaz,kaz,http://www.wikidata.org/entity/Q232,Kazakhstan
http://www.wikidata.org/entity/Q9292,Azerbaijani,az,aze,aze,http://www.wikidata.org/entity/Q227,Azerbaijan
http://www.wikidata.org/entity/Q9299,Serbian,sr,srp,srp,http://www.wikidata.org/entity/Q225,Bosnia and Herzegovina
http://www.wikidata.org/entity/Q9296,Macedonian,mk,mac,mkd,http://www.wikidata.org/entity/Q221,North Macedonia
http://www.wikidata.org/entity/Q9303,Bosnian,bs,bos,bos,http://www.wikidata.org/entity/Q225,Bosnia and Herzegovina
http://www.wikidata.org/entity/Q13199,Romansh,rm,roh,roh,http://www.wikidata.org/entity/Q39,Switzerland
http://www.wikidata.org/entity/Q13300,Nahuatl,,nah,,http://www.wikidata.org/entity/Q96,Mexico
http://www.wikidata.org/entity/Q13330,Mirandese,,mwl,mwl,http://www.wikidata.org/entity/Q45,Portugal
http://www.wikidata.org/entity/Q13354,Yucatec Maya,,,yua,http://www.wikidata.org/entity/Q96,Mexico
http://www.wikidata.org/entity/Q13955,Arabic,ar,ara,ara,http://www.wikidata.org/entity/Q79,Egypt
http://www.wikidata.org/entity/Q13955,Arabic,ar,ara,ara,http://www.wikidata.org/entity/Q970,Comoros
http://www.wikidata.org/entity/Q25167,Bokmål,nb,nob,nob,http://www.wikidata.org/entity/Q20,Norway
http://www.wikidata.org/entity/Q25164,Nynorsk,nn,nno,nno,http://www.wikidata.org/entity/Q20,Norway
http://www.wikidata.org/entity/Q28244,Amharic,am,amh,amh,http://www.wikidata.org/entity/Q115,Ethiopia
http://www.wikidata.org/entity/Q150,French,fr,fre,fra,http://www.wikidata.org/entity/Q16,Canada
http://www.wikidata.org/entity/Q150,French,fr,fre,fra,http://www.wikidata.org/entity/Q31,Belgium
http://www.wikidata.org/entity/Q150,French,fr,fre,fra,http://www.wikidata.org/entity/Q32,Luxembourg
http://www.wikidata.org/entity/Q150,French,fr,fre,fra,http://www.wikidata.org/entity/Q39,Switzerland
http://www.wikidata.org/entity/Q150,French,fr,fre,fra,http://www.wikidata.org/entity/Q142,France
http://www.wikidata.org/entity/Q150,French,fr,fre,fra,http://www.wikidata.org/entity/Q235,Monaco
http://www.wikidata.org/entity/Q150,French,fr,fre,fra,http://www.wikidata.org/entity/Q965,Burkina Faso
http://www.wikidata.org/entity/Q150,French,fr,fre,fra,http://www.wikidata.org/entity/Q967,Burundi
http://www.wikidata.org/entity/Q150,French,fr,fre,fra,http://www.wikidata.org/entity/Q970,Comoros
http://www.wikidata.org/entity/Q188,German,de,deu,deu,http://www.wikidata.org/entity/Q31,Belgium
http://www.wikidata.org/entity/Q188,German,de,deu,deu,http://www.wikidata.org/entity/Q32,Luxembourg
http://www.wikidata.org/entity/Q188,German,de,deu,deu,http://www.wikidata.org/entity/Q39,Switzerland
http://www.wikidata.org/entity/Q188,German,de,deu,deu,http://www.wikidata.org/entity/Q40,Austria
http://www.wikidata.org/entity/Q188,German,de,deu,deu,http://www.wikidata.org/entity/Q183,Germany
http://www.wikidata.org/entity/Q33549,Javanese,jv,jav,jav,http://www.wikidata.org/entity/Q252,Indonesia
http://www.wikidata.org/entity/Q33583,Kirundi,rn,run,run,http://www.wikidata.org/entity/Q967,Burundi
http://www.wikidata.org/entity/Q36510,Modern Greek,el,ell,ell,http://www.wikidata.org/entity/Q229,Cyprus
http://www.wikidata.org/entity/Q36668,Austrian Sign Language,,,asq,http://www.wikidata.org/entity/Q40,Austria
http://www.wikidata.org/entity/Q56463,Sámi,,smi,,http://www.wikidata.org/entity/Q20,Norway
http://www.wikidata.org/entity/Q178440,Dari,,,prs,http://www.wikidata.org/entity/Q889,Afghanistan
http://www.wikidata.org/entity/Q715755,Paiwan,,,pwn,http://www.wikidata.org/entity/Q865,Taiwan
http://www.wikidata.org/entity/Q3073428,Korean Sign Language,,,kvk,http://www.wikidata.org/entity/Q884,South Korea
http://www.wikidata.org/entity/Q3553981,Nambya,,,nmq,http://www.wikidata.org/entity/Q954,Zimbabwe
http://www.wikidata.org/entity/Q8072097,Zimbabwe Sign Language,,,zib,http://www.wikidata.org/entity/Q954,Zimbabwe
http://www.wikidata.org/entity/Q8826802,Barwe,,,bwg,http://www.wikidata.org/entity/Q954,Zimbabwe
http://www.wikidata.org/entity/Q1321,Spanish,es,spa,spa,http://www.wikidata.org/entity/Q800,Costa Rica
http://www.wikidata.org/entity/Q1321,Spanish,es,spa,spa,http://www.wikidata.org/entity/Q804,Panama
http://www.wikidata.org/entity/Q1321,Spanish,es,spa,spa,http://www.wikidata.org/entity/Q811,Nicaragua
http://www.wikidata.org/entity/Q1617,Urdu,ur,urd,urd,http://www.wikidata.org/entity/Q843,Pakistan
http://www.wikidata.org/entity/Q1860,English,en,eng,eng,http://www.wikidata.org/entity/Q921,Brunei
http://www.wikidata.org/entity/Q1860,English,en,eng,eng,http://www.wikidata.org/entity/Q924,Tanzania
http://www.wikidata.org/entity/Q1860,English,en,eng,eng,http://www.wikidata.org/entity/Q928,Philippines
http://www.wikidata.org/entity/Q1860,English,en,eng,eng,http://www.wikidata.org/entity/Q953,Zambia
http://www.wikidata.org/entity/Q1860,English,en,eng,eng,http://www.wikidata.org/entity/Q954,Zimbabwe
http://www.wikidata.org/entity/Q1860,English,en,eng,eng,http://www.wikidata.org/entity/Q958,South Sudan
http://www.wikidata.org/entity/Q1860,English,en,eng,eng,http://www.wikidata.org/entity/Q963,Botswana
http://www.wikidata.org/entity/Q5146,Portuguese,pt,por,por,http://www.wikidata.org/entity/Q916,Angola
http://www.wikidata.org/entity/Q5146,Portuguese,pt,por,por,http://www.wikidata.org/entity/Q824489,Estado Novo
http://www.wikidata.org/entity/Q5885,Tamil,ta,tam,tam,http://www.wikidata.org/entity/Q854,Sri Lanka
http://www.wikidata.org/entity/Q7737,Russian,ru,rus,rus,http://www.wikidata.org/entity/Q813,Kyrgyzstan
http://www.wikidata.org/entity/Q7737,Russian,ru,rus,rus,http://www.wikidata.org/entity/Q863,Tajikistan
http://www.wikidata.org/entity/Q7838,Swahili,sw,swa,swa,http://www.wikidata.org/entity/Q924,Tanzania
http://www.wikidata.org/entity/Q7850,Chinese,zh,chi,zho,http://www.wikidata.org/entity/Q865,Taiwan
http://www.wikidata.org/entity/Q9035,Danish,da,dan,dan,http://www.wikidata.org/entity/Q756617,Kingdom of Denmark
http://www.wikidata.org/entity/Q9129,Greek,el,,ell,http://www.wikidata.org/entity/Q504081,Greek military junta of 1967–1974
http://www.wikidata.org/entity/Q9176,Korean,ko,kor,kor,http://www.wikidata.org/entity/Q884,South Korea
http://www.wikidata.org/entity/Q9199,Vietnamese,vi,vie,vie,http://www.wikidata.org/entity/Q881,Vietnam
http://www.wikidata.org/entity/Q9211,Lao,lo,lao,lao,http://www.wikidata.org/entity/Q819,Laos
http://www.wikidata.org/entity/Q9217,Thai,th,tha,tha,http://www.wikidata.org/entity/Q869,Thailand
http://www.wikidata.org/entity/Q9228,Burmese,my,mya,mya,http://www.wikidata.org/entity/Q836,Myanmar
http://www.wikidata.org/entity/Q9237,Malay,ms,msa,msa,http://www.wikidata.org/entity/Q833,Malaysia
http://www.wikidata.org/entity/Q9237,Malay,ms,msa,msa,http://www.wikidata.org/entity/Q921,Brunei
http://www.wikidata.org/entity/Q9255,Kyrgyz,ky,kir,kir,http://www.wikidata.org/entity/Q813,Kyrgyzstan
http://www.wikidata.org/entity/Q9260,Tajik,tg,tgk,tgk,http://www.wikidata.org/entity/Q863,Tajikistan
http://www.wikidata.org/entity/Q9267,Turkmen,tk,tuk,tuk,http://www.wikidata.org/entity/Q874,Turkmenistan
http://www.wikidata.org/entity/Q9267,Turkmen,tk,tuk,tuk,http://www.wikidata.org/entity/Q889,Afghanistan
http://www.wikidata.org/entity/Q9264,Uzbek,uz,uzb,uzb,http://www.wikidata.org/entity/Q889,Afghanistan
http://www.wikidata.org/entity/Q9288,Hebrew,he,heb,heb,http://www.wikidata.org/entity/Q801,Israel
http://www.wikidata.org/entity/Q9610,Bengali,bn,ben,ben,http://www.wikidata.org/entity/Q902,Bangladesh
http://www.wikidata.org/entity/Q13218,Xhosa,xh,xho,xho,http://www.wikidata.org/entity/Q954,Zimbabwe
http://www.wikidata.org/entity/Q13267,Sinhala,si,sin,sin,http://www.wikidata.org/entity/Q854,Sri Lanka
http://www.wikidata.org/entity/Q13311,Ndau,,,ndc,http://www.wikidata.org/entity/Q954,Zimbabwe
http://www.wikidata.org/entity/Q13955,Arabic,ar,ara,ara,http://www.wikidata.org/entity/Q796,Iraq
http://www.wikidata.org/entity/Q13955,Arabic,ar,ara,ara,http://www.wikidata.org/entity/Q805,Yemen
http://www.wikidata.org/entity/Q13955,Arabic,ar,ara,ara,http://www.wikidata.org/entity/Q810,Jordan
http://www.wikidata.org/entity/Q13955,Arabic,ar,ara,ara,http://www.wikidata.org/entity/Q817,Kuwait
http://www.wikidata.org/entity/Q13955,Arabic,ar,ara,ara,http://www.wikidata.org/entity/Q822,Lebanon
http://www.wikidata.org/entity/Q13955,Arabic,ar,ara,ara,http://www.wikidata.org/entity/Q842,Oman
http://www.wikidata.org/entity/Q13955,Arabic,ar,ara,ara,http://www.wikidata.org/entity/Q846,Qatar
http://www.wikidata.org/entity/Q13955,Arabic,ar,ara,ara,http://www.wikidata.org/entity/Q851,Saudi Arabia
http://www.wikidata.org/entity/Q13955,Arabic,ar,ara,ara,http://www.wikidata.org/entity/Q858,Syria
http://www.wikidata.org/entity/Q13955,Arabic,ar,ara,ara,http://www.wikidata.org/entity/Q878,United Arab Emirates
http://www.wikidata.org/entity/Q13955,Arabic,ar,ara,ara,http://www.wikidata.org/entity/Q889,Afghanistan
http://www.wikidata.org/entity/Q13955,Arabic,ar,ara,ara,http://www.wikidata.org/entity/Q948,Tunisia
http://www.wikidata.org/entity/Q13955,Arabic,ar,ara,ara,http://www.wikidata.org/entity/Q958,South Sudan
http://www.wikidata.org/entity/Q25258,Faroese,fo,fao,fao,http://www.wikidata.org/entity/Q756617,Kingdom of Denmark
http://www.wikidata.org/entity/Q25355,Greenlandic,kl,kal,kal,http://www.wikidata.org/entity/Q756617,Kingdom of Denmark
http://www.wikidata.org/entity/Q32656,Maldivian,dv,div,div,http://www.wikidata.org/entity/Q826,Maldives
http://www.wikidata.org/entity/Q32704,Venda,ve,ven,ven,http://www.wikidata.org/entity/Q954,Zimbabwe
http://www.wikidata.org/entity/Q150,French,fr,fre,fra,http://www.wikidata.org/entity/Q912,Mali
http://www.wikidata.org/entity/Q150,French,fr,fre,fra,http://www.wikidata.org/entity/Q929,Central African Republic
http://www.wikidata.org/entity/Q150,French,fr,fre,fra,http://www.wikidata.org/entity/Q945,Togo
http://www.wikidata.org/entity/Q150,French,fr,fre,fra,http://www.wikidata.org/entity/Q962,Benin
http://www.wikidata.org/entity/Q33049,Balochi,,bal,bal,http://www.wikidata.org/entity/Q889,Afghanistan
http://www.wikidata.org/entity/Q33081,Dzongkha,dz,dzo,dzo,http://www.wikidata.org/entity/Q917,Bhutan
http://www.wikidata.org/entity/Q33273,Chewa,ny,nya,nya,http://www.wikidata.org/entity/Q954,Zimbabwe
http://www.wikidata.org/entity/Q33298,Filipino,,fil,fil,http://www.wikidata.org/entity/Q928,Philippines
http://www.wikidata.org/entity/Q33614,Khoisan,,khi,,http://www.wikidata.org/entity/Q954,Zimbabwe
http://www.wikidata.org/entity/Q33672,Kalanga,,,kck,http://www.wikidata.org/entity/Q954,Zimbabwe
http://www.wikidata.org/entity/Q33823,Nepali,ne,nep,nep,http://www.wikidata.org/entity/Q837,Nepal
http://www.wikidata.org/entity/Q33954,Sango,sg,sag,sag,http://www.wikidata.org/entity/Q929,Central African Republic
http://www.wikidata.org/entity/Q34004,Shona,sn,sna,sna,http://www.wikidata.org/entity/Q954,Zimbabwe
http://www.wikidata.org/entity/Q34101,Tonga,,,toi,http://www.wikidata.org/entity/Q954,Zimbabwe
http://www.wikidata.org/entity/Q34137,Tswana,tn,tsn,tsn,http://www.wikidata.org/entity/Q954,Zimbabwe
http://www.wikidata.org/entity/Q34327,Tsonga,ts,tso,tso,http://www.wikidata.org/entity/Q954,Zimbabwe
http://www.wikidata.org/entity/Q34340,Sesotho,st,sot,sot,http://www.wikidata.org/entity/Q954,Zimbabwe
http://www.wikidata.org/entity/Q35132,Amis language,,,ami,http://www.wikidata.org/entity/Q865,Taiwan
http://www.wikidata.org/entity/Q35613,Northern Ndebele,nd,nde,nde,http://www.wikidata.org/entity/Q954,Zimbabwe
http://www.wikidata.org/entity/Q36368,Kurdish,ku,kur,kur,http://www.wikidata.org/entity/Q796,Iraq
http://www.wikidata.org/entity/Q49228,Austronesian,,map,,http://www.wikidata.org/entity/Q865,Taiwan
http://www.wikidata.org/entity/Q58680,Pashto,ps,pus,pus,http://www.wikidata.org/entity/Q889,Afghanistan
